{"cameraMode":{"drawMode":0,"name":"Shaded","section":"Shading Mode"},"sceneLighting":true,"audioPlay":false,"sceneViewState":{"m_AlwaysRefresh":false,"showFog":true,"showSkybox":true,"showFlares":true,"showImageEffects":true,"showParticleSystems":true,"showVisualEffectGraphs":true,"m_FxEnabled":true},"in2DMode":false,"pivot":{"x":-4.124405860900879,"y":9.452960968017579,"z":6.6573896408081059},"rotation":{"x":0.2827400267124176,"y":0.0330803245306015,"z":-0.009751885198056698,"w":0.9586237668991089},"size":0.8660253882408142,"orthographic":false}